tx	gene_id	RAP1_IAA_30M_REP1	RAP1_UNINDUCED_REP1	RAP1_UNINDUCED_REP2	WT_REP1	WT_REP2
YAL069W	YAL069W	153.895	65.324	65.324	155.469	156.792
YAL068W-A	YAL068W-A	102.134	21.585	21.585	104.021	105.209
YAL068C	YAL068C	198.491	113	113	199.419	200.693
YAL067W-A	YAL067W-A	81.087	13.36	13.36	82.55	83.97
YAL067C	YAL067C	1613.156	1532	1532	1613.821	1614.164
YAL066W	YAL066W	148.463	59.592	59.592	150.081	151.371
YAL065C	YAL065C	221.242	137	137	222.185	223.377
YAL064W-B	YAL064W-B	215.55	131	131	216.446	217.688
YAL064C-A	YAL064C-A	215.55	131	131	216.446	217.688
YAL064W	YAL064W	127.208	38.947	38.947	128.993	130.544
YAL063C-A	YAL063C-A	132.477	43.643	43.643	134.175	135.646
YAL063C	YAL063C	3800.156	3719	3719	3800.821	3801.164
YAL062W	YAL062W	1205.156	1124	1124	1205.821	1206.164
YAL061W	YAL061W	1085.156	1004	1004	1085.821	1086.164
YAL060W	YAL060W	980.156	899	899	980.821	981.164
YAL059C-A	YAL059C-A	255.933	173	173	256.971	257.924
YAL059W	YAL059W	470.278	389	389	470.893	471.41
YAL058W	YAL058W	1340.156	1259	1259	1340.821	1341.164
YAL056C-A	YAL056C-A	187.093	101.003	101.003	188.268	189.419
YAL056W	YAL056W	2474.156	2393	2393	2474.821	2475.164
YAL055W	YAL055W	374.54	293	293	375.29	375.945
YAL054C	YAL054C	1973.156	1892	1892	1973.821	1974.164
YAL053W	YAL053W	2183.156	2102	2102	2183.821	2184.164
YAL051W	YAL051W	2975.156	2894	2894	2975.821	2976.164
YAL049C	YAL049C	572.164	491	491	572.835	573.25
YAL048C	YAL048C	1820.156	1739	1739	1820.821	1821.164
YAL047W-A	YAL047W-A	167.643	80.056	80.056	169.041	170.195
YAL047C	YAL047C	1700.156	1619	1619	1700.821	1701.164
YAL046C	YAL046C	192.77	107.001	107.001	193.794	195.026
YAL045C	YAL045C	148.463	59.592	59.592	150.081	151.371
YAL044W-A	YAL044W-A	170.392	83.038	83.038	171.767	172.851
YAL044C	YAL044C	344.719	263	263	345.51	346.308
YAL043C	YAL043C	2189.156	2108	2108	2189.821	2190.164
YAL042C-A	YAL042C-A	212.656	128	128	213.634	214.854
YAL042W	YAL042W	1079.156	998	998	1079.821	1080.164
YAL041W	YAL041W	2396.156	2315	2315	2396.821	2397.164
YAL040C	YAL040C	1574.156	1493	1493	1574.821	1575.164
YAL039C	YAL039C	641.156	560	560	641.834	642.238
YAL038W	YAL038W	1334.156	1253	1253	1334.821	1335.164
YAL037C-B	YAL037C-B	806.156	725	725	806.834	807.164
YAL037C-A	YAL037C-A	11.292	3.333	3.333	11.495	11.19
YAL037W	YAL037W	635.156	554	554	635.834	636.238
YAL036C	YAL036C	941.156	860	860	941.821	942.164
YAL035W	YAL035W	2840.156	2759	2759	2840.821	2841.164
YAL034C-B	YAL034C-B	189.882	104.002	104.002	191.031	192.237
YAL034W-A	YAL034W-A	701.156	620	620	701.834	702.164
YAL034C	YAL034C	1073.156	992	992	1073.821	1074.164
YAL033W	YAL033W	353.669	272	272	354.461	355.216
YAL032C	YAL032C	971.156	890	890	971.821	972.164
YAL031W-A	YAL031W-A	148.463	59.592	59.592	150.081	151.371
YAL031C	YAL031C	2114.156	2033	2033	2114.821	2115.164
YAL030W	YAL030W	189.882	104.002	104.002	191.031	192.237
YAL029C	YAL029C	4247.156	4166	4166	4247.821	4248.164
YAL028W	YAL028W	1418.156	1337	1337	1418.821	1419.164
YAL027W	YAL027W	617.164	536	536	617.834	618.242
YAL026C-A	YAL026C-A	270.677	188	188	271.589	272.524
YAL026C	YAL026C	3899.156	3818	3818	3899.821	3900.164
HRA1	HRA1	395.447	314	314	396.126	396.861
YAL025C	YAL025C	752.156	671	671	752.834	753.164
YAL024C	YAL024C	4139.156	4058	4058	4139.821	4140.164
YAL023C	YAL023C	2111.156	2030	2030	2111.821	2112.164
YAL022C	YAL022C	1385.156	1304	1304	1385.821	1386.164
YAL021C	YAL021C	2345.156	2264	2264	2345.821	2346.164
YAL020C	YAL020C	833.156	752	752	833.821	834.164
YAL019W-A	YAL019W-A	401.435	320	320	402.117	402.807
YAL019W	YAL019W	3227.156	3146	3146	3227.821	3228.164
YAL018C	YAL018C	809.156	728	728	809.834	810.164
YAL017W	YAL017W	3902.156	3821	3821	3902.821	3903.164
YAL016C-B	YAL016C-B	51.208	7.49	7.49	52.993	53.757
YAL016C-A	YAL016C-A	153.895	65.324	65.324	155.469	156.792
YAL016W	YAL016W	1739.156	1658	1658	1739.821	1740.164
YAL015C	YAL015C	1031.156	950	950	1031.821	1032.164
YAL014C	YAL014C	599.164	518	518	599.834	600.242
YAL013W	YAL013W	1049.156	968	968	1049.821	1050.164
YAL012W	YAL012W	1016.156	935	935	1016.821	1017.164
YAL011W	YAL011W	1709.156	1628	1628	1709.821	1710.164
YAL010C	YAL010C	1313.156	1232	1232	1313.821	1314.164
YAL009W	YAL009W	611.164	530	530	611.834	612.242
YAL008W	YAL008W	428.354	347	347	428.986	429.615
YAL007C	YAL007C	479.274	398	398	479.893	480.37
tP(UGG)A	tP(UGG)A	8.243	2.918	2.918	7.93	7.275
YAL005C	YAL005C	1760.156	1679	1679	1760.821	1761.164
YAL004W	YAL004W	479.274	398	398	479.893	480.37
YAL003W	YAL003W	452.302	371	371	452.912	453.499
snR18	snR18	13.169	3.543	3.543	13.052	13.003
YAL002W	YAL002W	3656.156	3575	3575	3656.821	3657.164
YAL001C	YAL001C	3314.156	3233	3233	3314.821	3315.164
YAR002W	YAR002W	1451.156	1370	1370	1451.821	1452.164
YAR002C-A	YAR002C-A	491.274	410	410	491.881	492.323
YAR003W	YAR003W	1112.156	1031	1031	1112.821	1113.164
YAR007C	YAR007C	1697.156	1616	1616	1697.821	1698.164
YAR008W	YAR008W	659.156	578	578	659.834	660.238
YAR009C	YAR009C	3422.156	3341	3341	3422.821	3423.164
YAR010C	YAR010C	1154.156	1073	1073	1154.821	1155.164
tA(UGC)A	tA(UGC)A	8.357	2.935	2.935	8.034	7.455
YAR014C	YAR014C	1961.156	1880	1880	1961.821	1962.164
YAR015W	YAR015W	752.156	671	671	752.834	753.164
YAR018C	YAR018C	1139.156	1058	1058	1139.821	1140.164
YAR019C	YAR019C	2756.156	2675	2675	2756.821	2757.164
YAR019W-A	YAR019W-A	170.392	83.038	83.038	171.767	172.851
YAR020C	YAR020C	40.635	6.156	6.156	41.752	42.755
YAR023C	YAR023C	371.571	290	290	372.324	373.018
tL(CAA)A	tL(CAA)A	9.572	3.104	3.104	9.842	9.465
tS(AGA)A	tS(AGA)A	9.572	3.104	3.104	9.842	9.465
YAR027W	YAR027W	539.169	458	458	539.835	540.261
YAR028W	YAR028W	536.171	455	455	536.835	537.261
YAR029W	YAR029W	78.82	12.734	12.734	80.32	81.743
YAR030C	YAR030C	178.807	92.011	92.011	179.973	181.069
YAR031W	YAR031W	728.156	647	647	728.834	729.164
YAR033W	YAR033W	536.171	455	455	536.835	537.261
YAR035W	YAR035W	1895.156	1814	1814	1895.821	1896.164
YAR035C-A	YAR035C-A	9.425	3.084	3.084	9.711	9.318
YAR042W	YAR042W	3398.156	3317	3317	3398.821	3399.164
YAR047C	YAR047C	159.442	71.167	71.167	160.923	162.039
YAR050W	YAR050W	4445.156	4364	4364	4445.821	4446.164
YAR053W	YAR053W	137.796	48.689	48.689	139.452	140.67
YAR060C	YAR060C	173.221	86.025	86.025	174.47	175.521
YAR061W	YAR061W	63.366	9.377	9.377	64.974	66.329
YAR062W	YAR062W	428.354	347	347	428.986	429.615
YAR064W	YAR064W	140.495	51.326	51.326	142.125	143.238
YAR066W	YAR066W	443.321	362	362	443.941	444.53
YAR068W	YAR068W	317.995	236	236	318.732	319.543
YAR069C	YAR069C	135.131	46.126	46.126	136.783	138.196
YAR070C	YAR070C	140.495	51.326	51.326	142.125	143.238
Gfp_transgene_gene	Gfp_transgene_gene	560.169	479	479	560.835	561.261
